phase,v
0.511864,34036.3
0.854935,30395.6
1.22967,28031.2
2.12737,24854.6
4.28643,21239.3
9.97073,17596.5
