phase,v
0.508871,25820.1
1.20823,21340.7
3.14163,17264.4
11.1456,13019.1
